DateTime,Close
2011-12-31,4.472623966942128
2012-01-01,4.68077777777779
2012-01-02,5.0
2012-01-03,5.145916666666673
2012-01-04,5.228729166666506
2012-01-05,6.134916666666715
2012-01-06,6.551583333333198
2012-01-07,6.192222222222199
2012-01-08,6.842291666666592
2012-01-09,6.685374999999899
2012-01-10,6.55820138888894
2012-01-11,7.007749999999924
2012-01-12,6.8771666666667555
2012-01-13,6.768798611110858
2012-01-14,6.3938888888886884
2012-01-15,6.781076388888721
2012-01-16,7.0611111111111216
2012-01-17,6.91034722222211
2012-01-18,6.553972222222354
2012-01-19,6.323159722222181
2012-01-20,6.655062500000084
2012-01-21,6.8877499999999445
2012-01-22,6.614472222222275
2012-01-23,6.543409722222322
2012-01-24,6.506604166666632
2012-01-25,6.511645833333388
2012-01-26,6.258729166666875
2012-01-27,5.808680555555639
2012-01-28,5.074361111111015
2012-01-29,5.650951388888846
2012-01-30,5.505305555555551
2012-01-31,5.604409722222288
2012-02-01,5.562118055555573
2012-02-02,6.100381944444438
2012-02-03,6.19981944444437
2012-02-04,6.296020833333289
2012-02-05,5.834909722222243
2012-02-06,5.57811111111096
2012-02-07,5.615777777777774
2012-02-08,5.71147916666664
2012-02-09,5.819208333333323
2012-02-10,5.881541666666731
2012-02-11,5.643729166666692
2012-02-12,5.558750000000027
2012-02-13,5.667895833333289
2012-02-14,5.101972222222295
2012-02-15,4.8662152777776235
2012-02-16,4.630145833333276
2012-02-17,4.651256944444355
2012-02-18,4.369277777777789
2012-02-19,4.328902777777787
2012-02-20,4.478083333333314
2012-02-21,4.469708333333355
2012-02-22,4.515347222222181
2012-02-23,4.774048611111149
2012-02-24,5.091840277777722
2012-02-25,5.0052500000000215
2012-02-26,4.98845833333329
2012-02-27,5.008548611111079
2012-02-28,5.015256944444442
2012-02-29,4.972819444444331
2012-03-01,5.016979166666682
2012-03-02,4.789270833333371
2012-03-03,4.764326388888681
2012-03-04,4.717215277777944
2012-03-05,4.941666666666639
2012-03-06,5.005763888888823
2012-03-07,5.011777777777821
2012-03-08,4.960874999999988
2012-03-09,5.010861111111002
2012-03-10,4.915437499999877
2012-03-11,4.949583333333375
2012-03-12,4.985381944444331
2012-03-13,5.090631944444341
2012-03-14,5.344631944444439
2012-03-15,5.333159722222251
2012-03-16,5.32698611111131
2012-03-17,5.3549236111110705
2012-03-18,5.343923611111079
2012-03-19,5.150305555555535
2012-03-20,4.883784722222239
2012-03-21,4.877298611111114
2012-03-22,4.841569444444425
2012-03-23,4.782944444444414
2012-03-24,4.758694444444579
2012-03-25,4.645402777777784
2012-03-26,4.633819444444408
2012-03-27,4.728250000000018
2012-03-28,4.814374999999959
2012-03-29,4.840229166666779
2012-03-30,4.8557083333332995
2012-03-31,4.897201388888972
2012-04-01,4.8587638888890154
2012-04-02,4.911590277777778
2012-04-03,4.973465277777645
2012-04-04,4.95277777777776
2012-04-05,4.960402777777737
2012-04-06,4.946159722222062
2012-04-07,4.859236111111061
2012-04-08,4.7564722222222215
2012-04-09,4.739541666666596
2012-04-10,4.804868055555609
2012-04-11,4.8428611111111275
2012-04-12,4.840645833333262
2012-04-13,4.89693055555565
2012-04-14,4.977631944444372
2012-04-15,4.947312500000017
2012-04-16,4.965854166666532
2012-04-17,4.983611111110982
2012-04-18,5.112583333333317
2012-04-19,5.135722222222195
2012-04-20,5.165694444444441
2012-04-21,5.29036111111108
2012-04-22,5.2022222222223
2012-04-23,5.170131944444381
2012-04-24,5.0897361111110415
2012-04-25,5.100277777777776
2012-04-26,5.076416666666604
2012-04-27,5.047749999999939
2012-04-28,4.959958333333372
2012-04-29,4.907951388888842
2012-04-30,4.94712499999997
2012-05-01,4.95515277777784
2012-05-02,5.097993055555499
2012-05-03,5.093770833333431
2012-05-04,5.104777777777829
2012-05-05,5.0698819444444325
2012-05-06,5.069618055555641
2012-05-07,5.040298611111236
2012-05-08,5.045618055555691
2012-05-09,5.0399027777777565
2012-05-10,5.005048611111116
2012-05-11,4.92068749999998
2012-05-12,4.957284722222239
2012-05-13,4.936784722222018
2012-05-14,4.924847222222212
2012-05-15,4.962618055555539
2012-05-16,5.007062499999973
2012-05-17,5.024750000000119
2012-05-18,5.046354166666786
2012-05-19,5.064562499999954
2012-05-20,5.055777777777751
2012-05-21,5.044840277777872
2012-05-22,5.064319444444345
2012-05-23,5.065173611111122
2012-05-24,5.086680555555536
2012-05-25,5.094284722222289
2012-05-26,5.080701388888832
2012-05-27,5.066229166666667
2012-05-28,5.077694444444363
2012-05-29,5.074624999999949
2012-05-30,5.104555555555605
2012-05-31,5.136340277777753
2012-06-01,5.197937500000064
2012-06-02,5.200624999999907
2012-06-03,5.192895833333229
2012-06-04,5.198256944444456
2012-06-05,5.349590277777751
2012-06-06,5.424930555555512
2012-06-07,5.449715277777778
2012-06-08,5.569305555555555
2012-06-09,5.580701388888949
2012-06-10,5.4897222222222295
2012-06-11,5.482604166666703
2012-06-12,5.6095555555555965
2012-06-13,5.856840277777768
2012-06-14,5.841458333333401
2012-06-15,5.949284722222253
2012-06-16,6.400562499999927
2012-06-17,6.361298611111128
2012-06-18,6.168770833333387
2012-06-19,6.355388888888802
2012-06-20,6.517805555555464
2012-06-21,6.660111111111052
2012-06-22,6.620750000000055
2012-06-23,6.525291666666716
2012-06-24,6.415166666666527
2012-06-25,6.236569444444431
2012-06-26,6.33481250000003
2012-06-27,6.461486111111232
2012-06-28,6.476527777777721
2012-06-29,6.533472222222297
2012-06-30,6.570402777777767
2012-07-01,6.5847083333333885
2012-07-02,6.587486111111026
2012-07-03,6.55340277777787
2012-07-04,6.489888888888884
2012-07-05,6.587638888888887
2012-07-06,6.570798611111289
2012-07-07,6.6164930555555
2012-07-08,6.677361111111141
2012-07-09,6.7949097222222825
2012-07-10,7.039909722222251
2012-07-11,7.107076388888921
2012-07-12,7.150916666666697
2012-07-13,7.586131944444412
2012-07-14,7.543895833333333
2012-07-15,7.514687499999934
2012-07-16,7.714916666666622
2012-07-17,8.255187499999934
2012-07-18,8.82922222222224
2012-07-19,9.024923611111157
2012-07-20,8.262694444444554
2012-07-21,8.714715277777835
2012-07-22,8.688520833333206
2012-07-23,8.654374999999947
2012-07-24,8.564013888888859
2012-07-25,8.491527777777778
2012-07-26,8.602902777777837
2012-07-27,8.826993055555477
2012-07-28,8.84676388888892
2012-07-29,8.75390972222196
2012-07-30,8.751069444444425
2012-07-31,9.187229166666622
2012-08-01,9.347763888888881
2012-08-02,9.663597222222215
2012-08-03,10.60051388888899
2012-08-04,10.910534722222238
2012-08-05,10.505062499999926
2012-08-06,10.746118055555714
2012-08-07,10.772256944444434
2012-08-08,10.916819444444512
2012-08-09,11.143923611111033
2012-08-10,11.19130555555562
2012-08-11,11.323222222222052
2012-08-12,11.455770833333375
2012-08-13,11.667256944444398
2012-08-14,12.0143819444444
2012-08-15,12.500597222222297
2012-08-16,13.29722222222215
2012-08-17,14.16690972222207
2012-08-18,11.97278472222215
2012-08-19,9.759041666666606
2012-08-20,9.48741666666662
2012-08-21,10.104208333333341
2012-08-22,10.04244444444445
2012-08-23,9.977888888888925
2012-08-24,10.079666666666704
2012-08-25,10.389090277777928
2012-08-26,10.519326388889032
2012-08-27,11.121958333333437
2012-08-28,10.975979166666704
2012-08-29,10.856319444444436
2012-08-30,10.756763888888857
2012-08-31,10.35500000000005
2012-09-01,10.075201388888757
2012-09-02,9.954472222222183
2012-09-03,10.259465277777714
2012-09-04,10.32291666666657
2012-09-05,10.402215277777783
2012-09-06,10.848541666666653
2012-09-07,10.99848611111121
2012-09-08,10.870631944444437
2012-09-09,10.926944444444393
2012-09-10,10.923687499999923
2012-09-11,10.880201388888812
2012-09-12,11.03093055555553
2012-09-13,11.244583333333326
2012-09-14,11.385472222222162
2012-09-15,11.533819444444667
2012-09-16,11.661534722222134
2012-09-17,11.735444444444596
2012-09-18,11.851749999999763
2012-09-19,12.251249999999775
2012-09-20,12.42161805555559
2012-09-21,12.2243055555556
2012-09-22,12.103381944444315
2012-09-23,11.932083333333395
2012-09-24,11.91400694444438
2012-09-25,11.901083333333352
2012-09-26,11.977763888889063
2012-09-27,12.14425694444437
2012-09-28,12.153006944444513
2012-09-29,12.208916666666427
2012-09-30,12.195041666666775
2012-10-01,12.16133333333352
2012-10-02,12.380666666666704
2012-10-03,12.750493055555665
2012-10-04,12.76388888888898
2012-10-05,12.539895833333283
2012-10-06,12.456805555555523
2012-10-07,11.994465277777564
2012-10-08,11.307006944444563
2012-10-09,11.87740972222222
2012-10-10,11.982215277777717
2012-10-11,11.965395833333416
2012-10-12,12.002673611111073
2012-10-13,11.904124999999972
2012-10-14,11.830145833333459
2012-10-15,11.530499999999977
2012-10-16,11.8065138888891
2012-10-17,11.775277777777632
2012-10-18,11.793381944444528
2012-10-19,11.71242361111107
2012-10-20,11.596395833333347
2012-10-21,11.509000000000116
2012-10-22,11.45826388888886
2012-10-23,11.56046527777787
2012-10-24,11.444312499999842
2012-10-25,11.044597222222329
2012-10-26,10.367715277777766
2012-10-27,10.159951388888835
2012-10-28,10.50964583333335
2012-10-29,10.59435416666657
2012-10-30,10.732805555555647
2012-10-31,10.819694444444414
2012-11-01,10.957638888888852
2012-11-02,10.752520833333367
2012-11-03,10.59552777777778
2012-11-04,10.523097222222194
2012-11-05,10.631881944444451
2012-11-06,10.670701388888942
2012-11-07,10.734208333333283
2012-11-08,10.666465277777887
2012-11-09,10.774256944444245
2012-11-10,10.765763888888923
2012-11-11,10.713409722222224
2012-11-12,10.821131944444572
2012-11-13,10.889291666666814
2012-11-14,10.907006944444253
2012-11-15,10.966493055555407
2012-11-16,11.247409722222233
2012-11-17,11.557687499999979
2012-11-18,11.59594444444435
2012-11-19,11.53152083333328
2012-11-20,11.615631944444328
2012-11-21,11.605965277777525
2012-11-22,11.794236111111063
2012-11-23,11.994097222222223
2012-11-24,12.173506944444696
2012-11-25,12.286618055555472
2012-11-26,12.283708333333188
2012-11-27,12.06895833333332
2012-11-28,12.178451388889117
2012-11-29,12.290340277777778
2012-11-30,12.377159722222245
2012-12-01,12.399729166666452
2012-12-02,12.394770833333402
2012-12-03,12.443076388888628
2012-12-04,12.649875000000083
2012-12-05,13.056645833333498
2012-12-06,13.287194444444426
2012-12-07,13.350229166666493
2012-12-08,13.34070138888921
2012-12-09,13.256763888888822
2012-12-10,13.23012499999998
2012-12-11,13.300208333333153
2012-12-12,13.40507638888897
2012-12-13,13.418111111110951
2012-12-14,13.569590277777856
2012-12-15,13.386284722222053
2012-12-16,13.33539583333326
2012-12-17,13.156062499999985
2012-12-18,13.110027777777782
2012-12-19,13.18645833333342
2012-12-20,13.332381944444402
2012-12-21,13.319708333333091
2012-12-22,13.264333333333466
2012-12-23,13.151576388889119
2012-12-24,13.138048611111206
2012-12-25,13.15344444444456
2012-12-26,13.138312500000104
2012-12-27,13.121319444444344
2012-12-28,13.175423611111256
2012-12-29,13.217104166666688
2012-12-30,13.213229166666734
2012-12-31,13.21270833333363
2013-01-01,13.179152777777697
2013-01-02,13.142527777777566
2013-01-03,13.150208333333085
2013-01-04,13.186527777777824
2013-01-05,13.137569444444617
2013-01-06,13.100458333333433
2013-01-07,13.140506944444585
2013-01-08,13.296631944444508
2013-01-09,13.484819444444579
2013-01-10,13.755500000000145
2013-01-11,13.965548611111187
2013-01-12,13.993687499999963
2013-01-13,13.884687499999998
2013-01-14,13.844694444444341
2013-01-15,14.137236111110964
2013-01-16,14.393513888888892
2013-01-17,14.904555555555698
2013-01-18,15.502993055555502
2013-01-19,15.447520833333316
2013-01-20,15.542569444444439
2013-01-21,16.178736111111053
2013-01-22,16.98906249999999
2013-01-23,17.318854166666753
2013-01-24,18.084777777777788
2013-01-25,17.088097222222466
2013-01-26,17.02901388888891
2013-01-27,17.41568055555554
2013-01-28,17.997506944444662
2013-01-29,19.06427083333332
2013-01-30,19.197888888889185
2013-01-31,20.099277777777743
2013-02-01,20.57762500000029
2013-02-02,19.97832638888885
2013-02-03,20.09208333333356
2013-02-04,20.41731250000003
2013-02-05,20.378041666666636
2013-02-06,20.79450694444465
2013-02-07,21.268611111111003
2013-02-08,22.29353472222215
2013-02-09,22.84663888888901
2013-02-10,23.367791666666477
2013-02-11,23.677083333333115
2013-02-12,24.795458333333197
2013-02-13,25.580159722222213
2013-02-14,26.059277777777716
2013-02-15,27.178076388889
2013-02-16,27.26424999999991
2013-02-17,26.98118750000024
2013-02-18,26.762256944444843
2013-02-19,28.0152291666668
2013-02-20,29.637159722222222
2013-02-21,29.869166666666906
2013-02-22,30.556673611110924
2013-02-23,29.27079861111112
2013-02-24,29.749826388888774
2013-02-25,30.01877083333334
2013-02-26,30.85116666666625
2013-02-27,31.233548611111328
2013-02-28,32.9992916666667
2013-03-01,34.14060416666624
2013-03-02,34.17908333333338
2013-03-03,34.17981944444417
2013-03-04,35.317159722222165
2013-03-05,39.279284722221945
2013-03-06,45.981229166666566
2013-03-07,42.29873611111105
2013-03-08,42.98244444444452
2013-03-09,44.56152083333308
2013-03-10,46.28215972222199
2013-03-11,47.10727777777784
2013-03-12,44.63022916666675
2013-03-13,46.053673611111094
2013-03-14,47.35188888888854
2013-03-15,47.13990277777774
2013-03-16,46.79642361111122
2013-03-17,46.969291666666365
2013-03-18,47.40445138888883
2013-03-19,54.49341666666668
2013-03-20,61.686125000000025
2013-03-21,69.17329166666676
2013-03-22,71.7912291666668
2013-03-23,64.8707569444446
2013-03-24,67.7390763888891
2013-03-25,72.51719444444434
2013-03-26,78.28580555555547
2013-03-27,86.11645833333321
2013-03-28,92.56675000000028
2013-03-29,90.4863194444441
2013-03-30,92.43331249999967
2013-03-31,93.88634722222214
2013-04-01,98.96243055555591
2013-04-02,108.15953472222223
2013-04-03,130.11476388888917
2013-04-04,132.54128472222175
2013-04-05,138.93110416666687
2013-04-06,142.18518055555592
2013-04-07,150.73677777777758
2013-04-08,181.5008819444445
2013-04-09,207.10009722222216
2013-04-10,210.55147222222195
2013-04-11,124.0537916666663
2013-04-12,76.68766666666664
2013-04-13,103.43120138888891
2013-04-14,96.2426874999999
2013-04-15,91.22692361111125
2013-04-16,65.8112847222221
2013-04-17,82.16546527777777
2013-04-18,93.93731249999995
2013-04-19,117.00938888888854
2013-04-20,120.69462499999972
2013-04-21,121.97554166666644
2013-04-22,120.66154861111264
2013-04-23,128.71457638888913
2013-04-24,145.8478958333331
2013-04-25,150.5573125000001
2013-04-26,134.88254166666673
2013-04-27,134.2231319444441
2013-04-28,133.14732638888898
2013-04-29,139.82947222222205
2013-04-30,141.68691666666658
2013-05-01,128.5407013888888
2013-05-02,112.40198611111124
2013-05-03,94.11875694444419
2013-05-04,104.52977777777768
2013-05-05,114.2564583333332
2013-05-06,118.74168055555516
2013-05-07,107.9101736111112
2013-05-08,112.98626388888879
2013-05-09,111.6563263888891
2013-05-10,115.11398611111146
2013-05-11,115.9775694444444
2013-05-12,115.24350694444489
2013-05-13,115.84770138888884
2013-05-14,115.80372222222195
2013-05-15,109.50638888888875
2013-05-16,110.72697916666633
2013-05-17,114.7742013888891
2013-05-18,117.44053472222225
2013-05-19,117.84140277777782
2013-05-20,117.36737499999983
2013-05-21,117.76490972222261
2013-05-22,118.19827777777739
2013-05-23,120.47634722222212
2013-05-24,125.73464583333379
2013-05-25,128.6266736111112
2013-05-26,129.42984722222252
2013-05-27,129.3255347222219
2013-05-28,125.8584236111106
2013-05-29,127.57253472222224
2013-05-30,129.0936805555555
2013-05-31,127.63741666666637
2013-06-01,128.2367083333334
2013-06-02,123.94575694444427
2013-06-03,120.15570833333335
2013-06-04,121.42481249999997
2013-06-05,120.66637500000017
2013-06-06,120.23270833333375
2013-06-07,114.35103472222228
2013-06-08,109.6555416666664
2013-06-09,99.99852777777772
2013-06-10,102.7475277777779
2013-06-11,106.02626388888893
2013-06-12,107.8298750000001
2013-06-13,106.75124999999991
2013-06-14,100.29550694444472
2013-06-15,99.62309722222231
2013-06-16,99.93682638888917
2013-06-17,99.96312499999993
2013-06-18,103.89296527777792
2013-06-19,105.3499374999999
2013-06-20,105.98255555555573
2013-06-21,101.75802083333315
2013-06-22,100.55283333333372
2013-06-23,100.2303750000009
2013-06-24,99.16430555555569
2013-06-25,99.55148611111086
2013-06-26,98.61238194444397
2013-06-27,97.96565972222272
2013-06-28,91.92463194444453
2013-06-29,89.7689097222225
2013-06-30,89.05843055555525
2013-07-01,87.67220138888888
2013-07-02,86.05759027777785
2013-07-03,84.7322777777776
2013-07-04,77.9041666666669
2013-07-05,73.06077083333315
2013-07-06,66.98398611111124
2013-07-07,67.20925694444445
2013-07-08,74.07571527777752
2013-07-09,73.75259722222211
2013-07-10,77.51098611111101
2013-07-11,86.09873611111126
2013-07-12,92.14392361111125
2013-07-13,89.29099305555566
2013-07-14,91.82218750000006
2013-07-15,92.11057638888883
2013-07-16,92.70052083333327
2013-07-17,91.29247222222239
2013-07-18,84.44022916666653
2013-07-19,84.67032638888897
2013-07-20,86.3034861111115
2013-07-21,85.28508333333336
2013-07-22,86.10056944444449
2013-07-23,86.55134722222242
2013-07-24,87.48727777777778
2013-07-25,89.10309722222226
2013-07-26,90.1769791666667
2013-07-27,88.93103472222198
2013-07-28,89.62274305555582
2013-07-29,92.71254861111161
2013-07-30,94.10908333333354
2013-07-31,98.6868888888888
2013-08-01,97.38612499999967
2013-08-02,96.92186805555588
2013-08-03,96.03011111111095
2013-08-04,96.20660416666651
2013-08-05,97.47297222222201
2013-08-06,98.04705555555545
2013-08-07,97.62111111111119
2013-08-08,95.46651388888888
2013-08-09,93.49738888888854
2013-08-10,93.08515972222209
2013-08-11,93.79102083333385
2013-08-12,94.19124305555532
2013-08-13,95.93522222222232
2013-08-14,98.90115277777818
2013-08-15,98.77868749999992
2013-08-16,97.9351319444443
2013-08-17,98.48600694444477
2013-08-18,99.04045833333312
2013-08-19,101.74423611111155
2013-08-20,103.70065277777768
2013-08-21,107.76188194444426
2013-08-22,111.40335416666672
2013-08-23,108.22006250000034
2013-08-24,108.24103472222244
2013-08-25,111.0705208333335
2013-08-26,112.27248611111114
2013-08-27,116.83056249999976
2013-08-28,118.4373888888891
2013-08-29,118.5453125000003
2013-08-30,120.81718749999986
2013-08-31,128.02980555555578
2013-09-01,130.16055555555562
2013-09-02,130.6383611111111
2013-09-03,129.72136805555547
2013-09-04,127.72995138888909
2013-09-05,121.64258333333314
2013-09-06,121.32788888888867
2013-09-07,118.67740972222217
2013-09-08,118.89086111111173
2013-09-09,119.19495833333315
2013-09-10,122.68286805555559
2013-09-11,122.89663888888937
2013-09-12,126.83313888888901
2013-09-13,127.60281249999987
2013-09-14,126.26065972222165
2013-09-15,124.74273611111117
2013-09-16,125.87483333333336
2013-09-17,126.71108333333319
2013-09-18,127.35024305555535
2013-09-19,126.03941666666653
2013-09-20,124.03600694444431
2013-09-21,123.33039583333337
2013-09-22,123.0443472222223
2013-09-23,123.19024305555592
2013-09-24,122.90810416666692
2013-09-25,124.31673611111154
2013-09-26,124.23532638888916
2013-09-27,125.60376388888898
2013-09-28,126.50128472222303
2013-09-29,127.4142222222222
2013-09-30,126.20135416666659
2013-10-01,127.05654166666669
2013-10-02,121.10779861111094
2013-10-03,111.76768750000022
2013-10-04,120.78179166666648
2013-10-05,121.63434722222178
2013-10-06,121.87927083333281
2013-10-07,123.19836805555525
2013-10-08,123.76553472222191
2013-10-09,125.18272916666663
2013-10-10,125.99790972222193
2013-10-11,126.70449305555529
2013-10-12,127.38593749999929
2013-10-13,129.12550694444434
2013-10-14,135.14808333333355
2013-10-15,137.17493055555536
2013-10-16,143.56772916666625
2013-10-17,141.68786805555558
2013-10-18,147.64816666666644
2013-10-19,161.79822222222245
2013-10-20,165.40474305555577
2013-10-21,173.98699305555542
2013-10-22,188.56812499999978
2013-10-23,195.0368819444443
2013-10-24,193.45608333333342
2013-10-25,181.832097222222
2013-10-26,181.8570138888889
2013-10-27,185.18370138888838
2013-10-28,194.88715277777726
2013-10-29,198.85177083333284
2013-10-30,202.22772222222164
2013-10-31,200.53561111111108
2013-11-01,202.75125694444375
2013-11-02,204.17892361111197
2013-11-03,205.55614583333363
2013-11-04,217.48650000000023
2013-11-05,236.15256944444496
2013-11-06,255.45059722222166
2013-11-07,282.76024999999976
2013-11-08,314.40422916666665
2013-11-09,342.78630555555515
2013-11-10,304.58691666666647
2013-11-11,331.8791388888886
2013-11-12,349.7336527777779
2013-11-13,377.2612152777773
2013-11-14,410.23358333333266
2013-11-15,420.14112499999925
2013-11-16,430.8959652777774
2013-11-17,459.458284722222
2013-11-18,535.815319444444
2013-11-19,619.0059097222221
2013-11-20,535.6923124999989
2013-11-21,656.6312708333329
2013-11-22,740.6807361111083
2013-11-23,833.7578888888878
2013-11-24,804.0421041666674
2013-11-25,811.6926597222212
2013-11-26,843.3782013888872
2013-11-27,925.8008749999992
2013-11-28,990.7143541666633
2013-11-29,1059.1236666666655
2013-11-30,1138.1496319444439
2013-12-01,1018.5224861111097
2013-12-02,1012.9223333333362
2013-12-03,1047.5331180555572
2013-12-04,1092.6222777777773
2013-12-05,1046.3896249999987
2013-12-06,947.4121666666662
2013-12-07,725.1854861111096
2013-12-08,730.1506597222219
2013-12-09,864.4917847222212
2013-12-10,938.3304236111114
2013-12-11,909.7760416666658
2013-12-12,865.4481111111091
2013-12-13,882.3476111111054
2013-12-14,863.092006944445
2013-12-15,841.5644930555552
2013-12-16,790.3308958333337
2013-12-17,686.7372430555557
2013-12-18,562.5603750000005
2013-12-19,614.8836597222227
2013-12-20,671.7445624999999
2013-12-21,607.4628541666674
2013-12-22,625.2463888888898
2013-12-23,635.5033263888885
2013-12-24,650.7811388888887
2013-12-25,657.0991111111103
2013-12-26,716.0499444444447
2013-12-27,727.6345416666692
2013-12-28,720.6445833333336
2013-12-29,715.0846874999997
2013-12-30,733.5931388888876
2013-12-31,728.7732361111091
2014-01-01,745.1742361111121
2014-01-02,757.1800694444453
2014-01-03,796.2232222222196
2014-01-04,810.9212986111091
2014-01-05,865.7273611111116
2014-01-06,938.0874166666647
2014-01-07,887.1962847222233
2014-01-08,814.9290347222203
2014-01-09,821.6888611111104
2014-01-10,824.0442986111096
2014-01-11,878.2850138888867
2014-01-12,865.2607083333352
2014-01-13,818.903354166665
2014-01-14,823.2416180555546
2014-01-15,834.4376527777756
2014-01-16,834.048749999998
2014-01-17,801.177861111112
2014-01-18,807.8701666666644
2014-01-19,814.6950486111118
2014-01-20,832.4229722222202
2014-01-21,822.3557291666656
2014-01-22,817.3947222222195
2014-01-23,814.6082083333321
2014-01-24,788.8621249999992
2014-01-25,795.8964930555562
2014-01-26,812.2939305555535
2014-01-27,801.2127499999983
2014-01-28,778.4166319444439
2014-01-29,794.0703055555573
2014-01-30,792.0237152777754
2014-01-31,801.8832222222202
2014-02-01,812.0106458333339
2014-02-02,818.6954444444417
2014-02-03,809.5238472222202
2014-02-04,805.1627638888868
2014-02-05,802.2470625000019
2014-02-06,780.1757916666642
2014-02-07,721.2304791666656
2014-02-08,706.0866180555557
2014-02-09,694.0056527777768
2014-02-10,673.0791180555542
2014-02-11,689.1400347222234
2014-02-12,662.5390763888878
2014-02-13,643.100201388889
2014-02-14,631.1314375000012
2014-02-15,652.2618749999975
2014-02-16,639.1436736111124
2014-02-17,633.5528055555546
2014-02-18,631.5914930555567
2014-02-19,626.6959791666661
2014-02-20,600.2176458333329
2014-02-21,567.9245694444443
2014-02-22,583.029798611111
2014-02-23,621.2115972222216
2014-02-24,568.0974374999988
2014-02-25,499.3169097222223
2014-02-26,574.8892777777776
2014-02-27,583.8984166666677
2014-02-28,571.6051597222219
2014-03-01,562.544298611111
2014-03-02,564.0809652777762
2014-03-03,608.2786527777786
2014-03-04,679.7195972222223
2014-03-05,665.724020833334
2014-03-06,665.6544375000005
2014-03-07,644.1418055555563
2014-03-08,621.4462430555558
2014-03-09,629.0067083333332
2014-03-10,631.0356388888911
2014-03-11,627.0903124999978
2014-03-12,639.1302083333326
2014-03-13,642.0479930555539
2014-03-14,635.4568541666678
2014-03-15,633.2991666666669
2014-03-16,634.0741805555534
2014-03-17,627.1881597222199
2014-03-18,614.4326597222217
2014-03-19,613.6889861111088
2014-03-20,596.2239999999987
2014-03-21,582.1379097222218
2014-03-22,562.9473958333339
2014-03-23,564.0402569444433
2014-03-24,563.4732777777765
2014-03-25,578.0249513888874
2014-03-26,580.359076388888
2014-03-27,542.8977291666663
2014-03-28,502.8306666666663
2014-03-29,499.3851180555554
2014-03-30,468.25371527777776
2014-03-31,456.2056458333333
2014-04-01,475.22252777777817
2014-04-02,466.19797222222155
2014-04-03,435.42772916666695
2014-04-04,444.8512499999989
2014-04-05,451.8001597222222
2014-04-06,458.70260416666844
2014-04-07,455.0800416666666
2014-04-08,453.13923611110795
2014-04-09,448.6728194444463
2014-04-10,408.4784097222222
2014-04-11,404.388597222222
2014-04-12,426.4782430555554
2014-04-13,417.4907430555547
2014-04-14,447.1572638888887
2014-04-15,487.6736805555546
2014-04-16,518.1858680555567
2014-04-17,506.86523611111
2014-04-18,488.38791666666594
2014-04-19,493.9555138888921
2014-04-20,504.66230555555626
2014-04-21,502.07906944444534
2014-04-22,495.5126874999999
2014-04-23,490.2207291666668
2014-04-24,489.80792361111196
2014-04-25,465.757784722223
2014-04-26,458.51982638888967
2014-04-27,453.03100000000177
2014-04-28,438.12952083333465
2014-04-29,445.2958194444433
2014-04-30,446.0359652777787
2014-05-01,456.3308472222187
2014-05-02,451.80136111111216
2014-05-03,442.4595416666648
2014-05-04,436.6922916666651
2014-05-05,433.1695833333334
2014-05-06,429.158465277777
2014-05-07,438.6398611111108
2014-05-08,444.289513888888
2014-05-09,447.73385416666673
2014-05-10,453.0587986111107
2014-05-11,445.2545972222228
2014-05-12,439.8146111111116
2014-05-13,438.8192847222226
2014-05-14,443.27755555555683
2014-05-15,448.5668819444441
2014-05-16,448.2016319444432
2014-05-17,449.274354166667
2014-05-18,447.926006944442
2014-05-19,446.79989583333395
2014-05-20,468.3477777777767
2014-05-21,494.60910416666644
2014-05-22,511.8923333333325
2014-05-23,531.2466249999992
2014-05-24,522.3984513888877
2014-05-25,562.9563472222217
2014-05-26,582.5558888888896
2014-05-27,575.7332222222217
2014-05-28,574.8294166666655
2014-05-29,569.6172222222245
2014-05-30,594.5758541666672
2014-05-31,621.9957847222217
2014-06-01,646.0456180555552
2014-06-02,637.5348958333323
2014-06-03,666.4301597222218
2014-06-04,643.1503958333346
2014-06-05,653.2760833333334
2014-06-06,656.9748263888878
2014-06-07,652.6435138888907
2014-06-08,655.6519166666671
2014-06-09,649.7661944444433
2014-06-10,649.6276180555542
2014-06-11,639.1355694444438
2014-06-12,617.3330486111108
2014-06-13,589.5828958333325
2014-06-14,571.0022083333341
2014-06-15,565.1120208333342
2014-06-16,596.4988402777784
2014-06-17,595.9437847222206
2014-06-18,608.2291875000004
2014-06-19,605.3947222222233
2014-06-20,592.173583333332
2014-06-21,589.4774652777785
2014-06-22,599.246513888887
2014-06-23,590.2577430555534
2014-06-24,585.537263888886
2014-06-25,568.6224305555553
2014-06-26,569.536486111108
2014-06-27,584.5794652777777
2014-06-28,597.0639722222207
2014-06-29,596.1420624999976
2014-06-30,620.9805694444442
2014-07-01,648.2246388888883
2014-07-02,647.3209375000015
2014-07-03,646.5949513888894
2014-07-04,637.5072847222219
2014-07-05,630.2606458333337
2014-07-06,632.9408402777767
2014-07-07,627.0915624999996
2014-07-08,622.7399166666653
2014-07-09,623.2541111111117
2014-07-10,617.2626319444438
2014-07-11,624.4402499999986
2014-07-12,634.0241041666661
2014-07-13,632.3285486111088
2014-07-14,623.5334027777766
2014-07-15,622.4669097222195
2014-07-16,619.583534722222
2014-07-17,619.3920416666667
2014-07-18,625.4523402777783
2014-07-19,629.1505138888842
2014-07-20,625.0622430555549
2014-07-21,621.2073611111093
2014-07-22,622.6029930555526
2014-07-23,620.9188055555549
2014-07-24,610.7643263888874
2014-07-25,601.8158958333313
2014-07-26,595.5245208333353
2014-07-27,595.3783611111119
2014-07-28,584.8466597222227
2014-07-29,584.6163541666646
2014-07-30,576.221423611108
2014-07-31,575.4743750000002
2014-08-01,593.0287083333326
2014-08-02,593.0608055555563
2014-08-03,585.5150277777763
2014-08-04,588.1325624999985
2014-08-05,583.2257777777761
2014-08-06,581.568611111109
2014-08-07,584.3798680555547
2014-08-08,590.5631388888893
2014-08-09,587.983027777776
2014-08-10,589.4472499999993
2014-08-11,584.9902361111122
2014-08-12,568.627125
2014-08-13,552.2918888888876
2014-08-14,520.2693611111104
2014-08-15,507.7346319444432
2014-08-16,503.1518124999997
2014-08-17,505.32590277777837
2014-08-18,478.3872708333325
2014-08-19,480.3703124999999
2014-08-20,493.8062361111103
2014-08-21,522.1858472222214
2014-08-22,514.0394999999992
2014-08-23,504.4482013888882
2014-08-24,504.17425694444296
2014-08-25,503.1965763888875
2014-08-26,509.01262499999996
2014-08-27,516.3361527777789
2014-08-28,510.3132569444443
2014-08-29,507.8296250000008
2014-08-30,503.96951388888766
2014-08-31,489.9547499999996
2014-09-01,480.34206944444475
2014-09-02,477.91836805555425
2014-09-03,475.80344444444404
2014-09-04,481.54161805555566
2014-09-05,484.147270833332
2014-09-06,480.74313888888713
2014-09-07,480.3138749999994
2014-09-08,469.0251249999986
2014-09-09,467.0117152777772
2014-09-10,480.6287083333337
2014-09-11,475.7149375000002
2014-09-12,472.64915972222053
2014-09-13,475.3122777777778
2014-09-14,477.02456249999966
2014-09-15,475.6636388888868
2014-09-16,469.0508124999999
2014-09-17,456.6252569444437
2014-09-18,438.5728541666668
2014-09-19,406.6692013888889
2014-09-20,412.0218194444445
2014-09-21,403.9239097222216
2014-09-22,402.70926388888824
2014-09-23,409.60207638888863
2014-09-24,429.51048611111116
2014-09-25,412.3929166666658
2014-09-26,405.9088194444435
2014-09-27,403.54504166666635
2014-09-28,392.77277777777766
2014-09-29,378.3896458333331
2014-09-30,380.3676388888887
2014-10-01,385.79789583333314
2014-10-02,379.6175694444438
2014-10-03,369.36112500000024
2014-10-04,347.9165486111112
2014-10-05,315.7185833333332
2014-10-06,320.52638888888816
2014-10-07,328.73638194444436
2014-10-08,339.9744305555545
2014-10-09,365.6987361111108
2014-10-10,363.28625
2014-10-11,359.9875555555558
2014-10-12,363.9265138888886
2014-10-13,379.9214999999998
2014-10-14,403.6769236111109
2014-10-15,395.09123611111056
2014-10-16,387.206208333333
2014-10-17,380.39517361111064
2014-10-18,385.7560972222223
2014-10-19,389.8868402777779
2014-10-20,383.72093055555507
2014-10-21,385.4062430555551
2014-10-22,384.80124999999947
2014-10-23,368.5109999999994
2014-10-24,357.86147222222064
2014-10-25,350.46721527777765
2014-10-26,352.8639375000002
2014-10-27,354.155097222222
2014-10-28,354.54552777777735
2014-10-29,346.69211111111105
2014-10-30,339.5798194444442
2014-10-31,342.6811180555557
2014-11-01,330.1335277777772
2014-11-02,325.04338194444375
2014-11-03,328.7767569444444
2014-11-04,326.86565277777686
2014-11-05,337.9007708333329
2014-11-06,342.7969097222218
2014-11-07,345.7568333333337
2014-11-08,343.8511388888891
2014-11-09,351.7045416666665
2014-11-10,367.0437222222214
2014-11-11,367.6449652777774
2014-11-12,396.18629861111083
2014-11-13,426.8917847222229
2014-11-14,397.8298402777776
2014-11-15,387.23986805555495
2014-11-16,384.8524097222218
2014-11-17,397.9846250000006
2014-11-18,382.3408611111107
2014-11-19,379.3752361111114
2014-11-20,366.2754861111101
2014-11-21,352.89006250000006
2014-11-22,358.35704166666693
2014-11-23,359.9946319444435
2014-11-24,375.78413194444283
2014-11-25,383.13838194444446
2014-11-26,372.0312986111109
2014-11-27,371.16447916666715
2014-11-28,369.4706388888888
2014-11-29,377.9215138888888
2014-11-30,376.74109027777774
2014-12-01,378.3366875000006
2014-12-02,379.53304166666607
2014-12-03,378.6586041666671
2014-12-04,374.11936805555627
2014-12-05,371.65250694444325
2014-12-06,374.63200694444424
2014-12-07,375.7845416666666
2014-12-08,369.99122222222195
2014-12-09,353.49980555555663
2014-12-10,350.599291666666
2014-12-11,354.12136111111107
2014-12-12,353.6061527777779
2014-12-13,350.2708819444434
2014-12-14,352.0922499999999
2014-12-15,351.8970347222221
2014-12-16,338.52654166666616
2014-12-17,325.24772916666655
2014-12-18,314.68300000000045
2014-12-19,312.987715277778
2014-12-20,325.072513888889
2014-12-21,325.08763888888853
2014-12-22,328.5216527777777
2014-12-23,333.55006944444335
2014-12-24,329.8458888888886
2014-12-25,320.03154166666616
2014-12-26,324.09729166666517
2014-12-27,319.4189652777779
2014-12-28,316.1360972222216
2014-12-29,315.6149861111106
2014-12-30,313.208319444444
2014-12-31,314.3782222222217
2015-01-01,316.1478125
2015-01-02,315.2462986111109
2015-01-03,303.8378472222221
2015-01-04,275.73951388888923
2015-01-05,272.03676311030745
2015-01-06,272.03676311030745
2015-01-07,272.03676311030745
2015-01-08,272.03676311030745
2015-01-09,291.91268571428566
2015-01-10,281.51219444444376
2015-01-11,274.9804166666669
2015-01-12,269.5238541666667
2015-01-13,238.9725486111115
2015-01-14,196.1676180555558
2015-01-15,205.02663888888907
2015-01-16,211.751965277778
2015-01-17,201.19339583333416
2015-01-18,206.41970833333326
2015-01-19,212.76072916666703
2015-01-20,211.27703472222214
2015-01-21,215.34548611111106
2015-01-22,232.75938888888828
2015-01-23,230.7974861111111
2015-01-24,237.9605208333334
2015-01-25,249.3021805555553
2015-01-26,281.2777500000005
2015-01-27,260.5839097222221
2015-01-28,252.8944930555556
2015-01-29,233.5135347222223
2015-01-30,234.1330624999995
2015-01-31,229.2656388888889
2015-02-01,219.70258333333274
2015-02-02,226.94809722222232
2015-02-03,236.75930555555553
2015-02-04,225.82918055555587
2015-02-05,223.01277777777796
2015-02-06,220.16663194444445
2015-02-07,226.61061805555474
2015-02-08,225.58145138888892
2015-02-09,221.48659027777828
2015-02-10,218.75715972222162
2015-02-11,221.31290972222288
2015-02-12,220.17345833333331
2015-02-13,232.8897222222224
2015-02-14,246.6883472222225
2015-02-15,249.91666666666654
2015-02-16,234.82406944444418
2015-02-17,239.3910763888888
2015-02-18,240.71764583333245
2015-02-19,238.8841319444443
2015-02-20,244.72374305555545
2015-02-21,245.56960416666553
2015-02-22,242.1674166666671
2015-02-23,236.65881249999967
2015-02-24,238.9215694444444
2015-02-25,238.28188888888826
2015-02-26,236.81116666666742
2015-02-27,249.77762499999986
2015-02-28,251.81324999999953
2015-03-01,251.05911111111084
2015-03-02,262.55345138888885
2015-03-03,274.9065694444441
2015-03-04,277.54927083333354
2015-03-05,269.3594861111111
2015-03-06,272.67628472222276
2015-03-07,273.3041458333336
2015-03-08,275.00406249999963
2015-03-09,281.1586597222213
2015-03-10,291.08132638888935
2015-03-11,292.04585416666544
2015-03-12,294.45890277777767
2015-03-13,290.734701388889
2015-03-14,284.0039791666663
2015-03-15,284.48682638888977
2015-03-16,290.46839583333264
2015-03-17,288.5580277777775
2015-03-18,273.47874305555575
2015-03-19,258.4563541666665
2015-03-20,261.60290277777654
2015-03-21,259.9570833333324
2015-03-22,261.5042916666665
2015-03-23,266.99788194444443
2015-03-24,255.8896180555552
2015-03-25,244.9709999999993
2015-03-26,249.4861875000001
2015-03-27,248.1475902777775
2015-03-28,251.31043055555585
2015-03-29,245.4135763888889
2015-03-30,245.22995138888808
2015-03-31,245.33074305555527
2015-04-01,243.35540277777753
2015-04-02,248.40146527777756
2015-04-03,253.81923611111102
2015-04-04,252.89274305555617
2015-04-05,255.1132361111127
2015-04-06,258.11101388888926
2015-04-07,254.30826388888877
2015-04-08,248.89277777777858
2015-04-09,243.71493749999988
2015-04-10,238.01030555555556
2015-04-11,236.15032638888837
2015-04-12,236.54672916666644
2015-04-13,232.45439583333348
2015-04-14,219.3558472222217
2015-04-15,220.12832638888858
2015-04-16,226.33102777777728
2015-04-17,224.01711805555544
2015-04-18,222.76441666666685
2015-04-19,224.48772222222266
2015-04-20,224.08992361111115
2015-04-21,226.43733333333327
2015-04-22,235.394194444445
2015-04-23,234.5557847222228
2015-04-24,231.70463888888912
2015-04-25,228.44860416666694
2015-04-26,219.29397916666693
2015-04-27,221.09241666666708
2015-04-28,225.17454861111182
2015-04-29,224.59570833333285
2015-04-30,231.68847222222277
2015-05-01,234.87008333333182
2015-05-02,233.4099305555569
2015-05-03,238.2107986111108
2015-05-04,238.8244097222226
2015-05-05,234.59463888888956
2015-05-06,233.73727777777745
2015-05-07,231.61656249999993
2015-05-08,239.62820138888884
2015-05-09,242.38486805555513
2015-05-10,240.89672916666572
2015-05-11,240.51623611111035
2015-05-12,240.50332638888912
2015-05-13,241.97770833333354
2015-05-14,236.56376388889004
2015-05-15,237.30222222222105
2015-05-16,236.4455972222217
2015-05-17,236.01490277777782
2015-05-18,235.4236249999997
2015-05-19,232.87881944444504
2015-05-20,233.26670833333398
2015-05-21,235.11922916666683
2015-05-22,236.6012013888884
2015-05-23,239.29231249999935
2015-05-24,239.0860763888891
2015-05-25,237.363166666668
2015-05-26,236.1282708333338
2015-05-27,235.85270833333215
2015-05-28,235.89938194444431
2015-05-29,235.61875694444356
2015-05-30,233.31700000000012
2015-05-31,231.47674999999992
2015-06-01,226.71222222222272
2015-06-02,223.97680555555658
2015-06-03,225.32466666666676
2015-06-04,224.85029166666638
2015-06-05,223.77400000000048
2015-06-06,224.4437152777765
2015-06-07,224.0337708333338
2015-06-08,225.33033333333267
2015-06-09,229.09534027777727
2015-06-10,228.47753472222252
2015-06-11,228.82434027777737
2015-06-12,229.62932638888896
2015-06-13,230.09104861111183
2015-06-14,232.1961111111114
2015-06-15,234.23031249999983
2015-06-16,240.56031250000015
2015-06-17,249.61065277777791
2015-06-18,247.4798263888891
2015-06-19,247.21877083333342
2015-06-20,242.85359027777824
2015-06-21,243.16238888888955
2015-06-22,245.29097916666606
2015-06-23,244.76497222222298
2015-06-24,242.11277777777744
2015-06-25,241.40557638888902
2015-06-26,241.58603472222316
2015-06-27,245.70039583333423
2015-06-28,249.47170138888896
2015-06-29,252.53509027777758
2015-06-30,261.9702430555557
2015-07-01,259.02637500000026
2015-07-02,256.23976388888883
2015-07-03,254.89474305555567
2015-07-04,256.8652152777783
2015-07-05,263.55965277777824
2015-07-06,271.9925277777778
2015-07-07,267.5070902777778
2015-07-08,268.0501527777775
2015-07-09,269.2180416666663
2015-07-10,280.3909305555542
2015-07-11,291.21520138888843
2015-07-12,304.89473611111083
2015-07-13,294.3500902777774
2015-07-14,290.6225833333332
2015-07-15,290.78721527777617
2015-07-16,282.3063055555549
2015-07-17,277.33550694444443
2015-07-18,278.48003472222194
2015-07-19,276.36402083333303
2015-07-20,277.15677083333316
2015-07-21,279.38602083333365
2015-07-22,276.5825000000001
2015-07-23,277.1377083333357
2015-07-24,282.9870486111106
2015-07-25,288.98382638888904
2015-07-26,290.9449444444439
2015-07-27,291.31165277777893
2015-07-28,294.7028888888888
2015-07-29,290.8647083333338
2015-07-30,288.0347986111117
2015-07-31,285.12504166666656
2015-08-01,280.91840972222377
2015-08-02,279.7998888888902
2015-08-03,282.77945138888947
2015-08-04,283.84043749999967
2015-08-05,282.9743055555554
2015-08-06,279.0680208333331
2015-08-07,278.0275138888892
2015-08-08,273.6144444444448
2015-08-09,264.0094583333327
2015-08-10,264.6639027777774
2015-08-11,266.03526388888935
2015-08-12,268.48884027777706
2015-08-13,265.0110277777772
2015-08-14,265.2691388888901
2015-08-15,264.9475763888905
2015-08-16,258.3713125000004
2015-08-17,257.0868055555536
2015-08-18,253.89894444444448
2015-08-19,232.04363194444494
2015-08-20,233.28087499999913
2015-08-21,234.1572777777776
2015-08-22,230.55715277777793
2015-08-23,230.09045138888897
2015-08-24,220.53249305555553
2015-08-25,215.31805555555516
2015-08-26,225.84795833333348
2015-08-27,226.05009722222204
2015-08-28,228.18442361111133
2015-08-29,230.23067361111146
2015-08-30,228.7039027777781
2015-08-31,228.92666666666685
2015-09-01,228.42391666666606
2015-09-02,228.43473611111057
2015-09-03,227.81880555555517
2015-09-04,229.463368055556
2015-09-05,232.56708333333404
2015-09-06,240.09270138888937
2015-09-07,240.71749999999986
2015-09-08,243.4986527777774
2015-09-09,240.46772222222268
2015-09-10,238.7331388888885
2015-09-11,239.9539097222227
2015-09-12,237.9529652777773
2015-09-13,232.33623611111187
2015-09-14,229.54840277777856
2015-09-15,230.0101527777766
2015-09-16,228.48965277777785
2015-09-17,230.374993055556
2015-09-18,233.1779166666668
2015-09-19,231.5689305555549
2015-09-20,230.43212500000016
2015-09-21,227.36922916666683
2015-09-22,228.28747222222245
2015-09-23,230.15430555555568
2015-09-24,232.02262500000006
2015-09-25,235.2708611111106
2015-09-26,234.2447083333339
2015-09-27,233.07941666666653
2015-09-28,237.09900000000036
2015-09-29,237.65211111111083
2015-09-30,236.77779861111162
2015-10-01,237.13420138888813
2015-10-02,237.8208888888889
2015-10-03,238.56895138888882
2015-10-04,238.8748750000018
2015-10-05,238.58504166666555
2015-10-06,243.30002083333355
2015-10-07,245.2337708333329
2015-10-08,243.81655555555415
2015-10-09,243.92970138888907
2015-10-10,244.80607638888853
2015-10-11,246.0955000000003
2015-10-12,246.97283333333422
2015-10-13,247.57919444444423
2015-10-14,251.2947083333335
2015-10-15,254.28208333333285
2015-10-16,259.54573611111084
2015-10-17,268.2285625000003
2015-10-18,265.45006250000114
2015-10-19,262.90151388888944
2015-10-20,267.2008888888891
2015-10-21,268.47946527777674
2015-10-22,272.4758125
2015-10-23,277.1886666666662
2015-10-24,280.0965763888892
2015-10-25,289.818784722222
2015-10-26,284.58543055555526
2015-10-27,292.49451388888906
2015-10-28,301.49863194444515
2015-10-29,309.77061111111124
2015-10-30,324.75941666666677
2015-10-31,322.4347361111112
2015-11-01,315.6919027777779
2015-11-02,337.24404166666636
2015-11-03,384.2788472222216
2015-11-04,448.5815277777769
2015-11-05,400.49152777777795
2015-11-06,372.8516805555555
2015-11-07,384.00701388888945
2015-11-08,382.76638888888886
2015-11-09,375.0897083333333
2015-11-10,364.8510486111108
2015-11-11,314.8708611111106
2015-11-12,326.8610902777777
2015-11-13,333.48709027777704
2015-11-14,333.23419444444437
2015-11-15,328.01386805555506
2015-11-16,321.91209027777734
2015-11-17,335.1659861111119
2015-11-18,334.16236111111016
2015-11-19,331.42615972222075
2015-11-20,319.80728472222125
2015-11-21,324.633590277777
2015-11-22,324.2138958333329
2015-11-23,323.2561805555545
2015-11-24,321.0404513888884
2015-11-25,322.41710416666683
2015-11-26,343.26703472222255
2015-11-27,356.6517222222222
2015-11-28,354.845611111112
2015-11-29,360.3217013888888
2015-11-30,376.2096944444446
2015-12-01,367.75151388888867
2015-12-02,355.9272847222211
2015-12-03,362.4397916666667
2015-12-04,360.2777430555556
2015-12-05,374.6333472222233
2015-12-06,391.9795833333331
2015-12-07,392.3067986111113
2015-12-08,395.23445833333363
2015-12-09,416.92325000000017
2015-12-10,414.95692361111173
2015-12-11,432.9451527777775
2015-12-12,432.67877083333326
2015-12-13,435.8308402777762
2015-12-14,440.9242916666663
2015-12-15,455.81834027777705
2015-12-16,456.7984722222232
2015-12-17,455.3085833333328
2015-12-18,459.3645972222238
2015-12-19,462.4458402777784
2015-12-20,452.9378749999996
2015-12-21,437.0733124999999
2015-12-22,438.2440069444438
2015-12-23,440.0405486111099
2015-12-24,454.2979374999997
2015-12-25,455.1337708333331
2015-12-26,431.4118888888896
2015-12-27,419.0983819444442
2015-12-28,424.51879166666686
2015-12-29,424.91344444444434
2015-12-30,429.5414999999999
2015-12-31,426.35614583333427
2016-01-01,432.73683333333224
2016-01-02,433.12459027777976
2016-01-03,429.407208333333
2016-01-04,432.2142291666673
2016-01-05,432.5957361111114
2016-01-06,430.41992361111073
2016-01-07,448.38718055555614
2016-01-08,454.5106249999974
2016-01-09,450.1450972222209
2016-01-10,445.0804513888883
2016-01-11,446.9329791666661
2016-01-12,445.97478472222144
2016-01-13,430.16588888888896
2016-01-14,430.7735902777785
2016-01-15,402.48679166666625
2016-01-16,371.3574652777777
2016-01-17,383.6152708333332
2016-01-18,382.3673263888883
2016-01-19,382.8991805555561
2016-01-20,391.061180555556
2016-01-21,413.46984027777773
2016-01-22,393.594784722221
2016-01-23,388.7555555555557
2016-01-24,396.06328472222225
2016-01-25,395.779520833335
2016-01-26,392.86259722222167
2016-01-27,394.0839722222221
2016-01-28,383.2574166666667
2016-01-29,375.6673333333324
2016-01-30,377.52913194444335
2016-01-31,376.97227083333337
2016-02-01,372.531604166666
2016-02-02,373.1683680555558
2016-02-03,371.3151111111108
2016-02-04,377.56235416666607
2016-02-05,387.06880555555574
2016-02-06,376.10093055555603
2016-02-07,375.6922638888873
2016-02-08,375.5972986111119
2016-02-09,373.05435416666586
2016-02-10,377.6915347222223
2016-02-11,377.91257638888914
2016-02-12,380.6336180555556
2016-02-13,387.680562500001
2016-02-14,398.2772569444443
2016-02-15,401.942687499999
2016-02-16,402.51879166666623
2016-02-17,413.70354861110997
2016-02-18,419.7772916666662
2016-02-19,419.486027777778
2016-02-20,429.53207638888904
2016-02-21,437.93716666666586
2016-02-22,436.70578472222064
2016-02-23,426.7601111111097
2016-02-24,420.24697916666605
2016-02-25,422.48468055555577
2016-02-26,423.3695208333352
2016-02-27,431.60250694444323
2016-02-28,428.4883333333321
2016-02-29,435.9049583333314
2016-03-01,433.52282638888806
2016-03-02,430.9075416666664
2016-03-03,420.7998541666659
2016-03-04,418.8150000000006
2016-03-05,403.13584722222197
2016-03-06,404.5487986111096
2016-03-07,409.2311111111111
2016-03-08,412.05879166666557
2016-03-09,411.29450000000054
2016-03-10,413.5938611111096
2016-03-11,419.20586805555365
2016-03-12,413.58532638888806
2016-03-13,412.93863194444356
2016-03-14,413.75806249999977
2016-03-15,415.62412500000033
2016-03-16,415.256604166665
2016-03-17,417.9030208333313
2016-03-18,412.47020833333227
2016-03-19,407.0643263888882
2016-03-20,409.83964583333454
2016-03-21,409.09048611111035
2016-03-22,414.93077777777756
2016-03-23,416.6973333333337
2016-03-24,416.0859930555562
2016-03-25,415.4464236111101
2016-03-26,415.94389583333316
2016-03-27,419.61699999999956
2016-03-28,423.02338194444474
2016-03-29,418.04231944444336
2016-03-30,413.00120138888985
2016-03-31,415.0612152777775
2016-04-01,415.4570625000007
2016-04-02,418.64995833333364
2016-04-03,418.0355416666664
2016-04-04,418.5020555555549
2016-04-05,421.2321527777762
2016-04-06,421.8331319444405
2016-04-07,420.69822222222155
2016-04-08,421.0108611111108
2016-04-09,416.70160416666624
2016-04-10,419.52603472222086
2016-04-11,420.66418055555545
2016-04-12,424.58918055555495
2016-04-13,424.4433819444446
2016-04-14,423.97183333333265
2016-04-15,426.88189583333093
2016-04-16,429.96912500000025
2016-04-17,427.93715972222213
2016-04-18,427.5410069444436
2016-04-19,429.28814583333343
2016-04-20,438.3145277777776
2016-04-21,444.75543055555465
2016-04-22,447.4844166666663
2016-04-23,447.674208333334
2016-04-24,454.33732638888847
2016-04-25,460.50977777777695
2016-04-26,465.83394444444525
2016-04-27,459.8989583333343
2016-04-28,445.386347222223
2016-04-29,450.92115277777793
2016-04-30,452.5002777777773
2016-05-01,450.7852916666676
2016-05-02,446.19572916666755
2016-05-03,447.094118055557
2016-05-04,447.88242361111094
2016-05-05,447.51759722222164
2016-05-06,452.250680555555
2016-05-07,458.526201388888
2016-05-08,457.78437500000115
2016-05-09,458.99726388888763
2016-05-10,455.9396319444443
2016-05-11,453.3301875000007
2016-05-12,451.9678958333321
2016-05-13,454.87092361111394
2016-05-14,455.8343333333323
2016-05-15,456.27025694444393
2016-05-16,456.54587499999843
2016-05-17,453.74457638888595
2016-05-18,454.00560416666696
2016-05-19,449.07949305555496
2016-05-20,441.5374930555563
2016-05-21,442.45085416666706
2016-05-22,441.1417569444426
2016-05-23,440.871062500002
2016-05-24,444.53863888888816
2016-05-25,447.4055069444437
2016-05-26,450.0919861111098
2016-05-27,470.9406388888885
2016-05-28,493.1199652777786
2016-05-29,516.8134027777786
2016-05-30,526.2175833333331
2016-05-31,533.6462499999997
2016-06-01,534.1058124999998
2016-06-02,536.5684027777772
2016-06-03,554.4628402777776
2016-06-04,573.5218958333315
2016-06-05,573.8812708333315
2016-06-06,581.5531874999992
2016-06-07,581.8748888888884
2016-06-08,578.1631805555564
2016-06-09,577.9407500000021
2016-06-10,576.0369444444456
2016-06-11,583.1866388888874
2016-06-12,639.9243472222225
2016-06-13,688.7105833333316
2016-06-14,687.8591319444434
2016-06-15,685.0427430555561
2016-06-16,740.465527777776
2016-06-17,749.1988888888874
2016-06-18,749.8270972222203
2016-06-19,754.5274791666664
2016-06-20,747.7659166666654
2016-06-21,682.4327083333338
2016-06-22,650.2455208333323
2016-06-23,590.8445555555555
2016-06-24,652.8820138888882
2016-06-25,669.1740833333326
2016-06-26,638.1498958333333
2016-06-27,639.5346527777763
2016-06-28,648.5376597222236
2016-06-29,632.6725000000001
2016-06-30,650.3847986111109
2016-07-01,674.7001180555552
2016-07-02,687.8468680555566
2016-07-03,675.3801388888888
2016-07-04,670.300527777778
2016-07-05,672.859284722222
2016-07-06,673.942861111111
2016-07-07,642.3318819444429
2016-07-08,646.9515138888893
2016-07-09,649.9978194444437
2016-07-10,646.1287152777774
2016-07-11,649.0269097222194
2016-07-12,657.0674236111107
2016-07-13,662.3819097222214
2016-07-14,657.8745208333324
2016-07-15,663.3618472222246
2016-07-16,663.4422083333311
2016-07-17,669.6541319444448
2016-07-18,677.0766805555544
2016-07-19,671.7973402777769
2016-07-20,669.9913333333334
2016-07-21,663.8457222222227
2016-07-22,659.4194861111109
2016-07-23,653.3507569444472
2016-07-24,656.4947638888921
2016-07-25,656.697291666666
2016-07-26,651.8853819444456
2016-07-27,653.364979166668
2016-07-28,654.6671041666681
2016-07-29,655.039173611114
2016-07-30,655.0060972222184
2016-07-31,635.1291527777797
2016-08-01,619.829326388889
2016-08-02,591.5750277777786
2016-08-03,549.1279305555555
2016-08-04,570.6354513888884
2016-08-05,570.9202083333344
2016-08-06,573.7207986111122
2016-08-07,590.5508333333325
2016-08-08,589.2487569444454
2016-08-09,585.7935694444449
2016-08-10,589.809319444445
2016-08-11,592.1597847222199
2016-08-12,586.1530416666676
2016-08-13,585.7449722222217
2016-08-14,573.9000486111104
2016-08-15,567.3347569444442
2016-08-16,570.8844236111106
2016-08-17,572.6203333333328
2016-08-18,572.0713958333322
2016-08-19,571.7942638888876
2016-08-20,575.1536041666644
2016-08-21,578.7338125000003
2016-08-22,579.6386527777771
2016-08-23,581.7158541666658
2016-08-24,578.7147430555528
2016-08-25,574.5915972222236
2016-08-26,577.1201527777774
2016-08-27,572.0904305555575
2016-08-28,570.1779513888885
2016-08-29,573.3704097222209
2016-08-30,574.3749374999974
2016-08-31,571.9583888888906
2016-09-01,570.3975972222215
2016-09-02,570.7639374999975
2016-09-03,575.9787152777789
2016-09-04,599.5770833333319
2016-09-05,602.6431249999997
2016-09-06,605.5608680555594
2016-09-07,610.3309374999997
2016-09-08,620.8425138888889
2016-09-09,621.2610972222222
2016-09-10,622.2864444444443
2016-09-11,618.3433680555561
2016-09-12,605.7363958333339
2016-09-13,607.1295000000003
2016-09-14,608.428368055556
2016-09-15,607.0943749999989
2016-09-16,606.6087152777752
2016-09-17,604.6132083333373
2016-09-18,605.9319861111094
2016-09-19,607.6920902777761
2016-09-20,607.2282499999998
2016-09-21,595.1592083333312
2016-09-22,595.1627916666656
2016-09-23,597.3665833333315
2016-09-24,600.8194513888889
2016-09-25,599.4363541666676
2016-09-26,602.3037638888889
2016-09-27,603.8809652777783
2016-09-28,603.5711319444446
2016-09-29,603.917486111112
2016-09-30,605.0131805555557
2016-10-01,611.7039652777778
2016-10-02,609.3177499999993
2016-10-03,609.6524305555566
2016-10-04,608.061416666667
2016-10-05,608.7501388888866
2016-10-06,609.2534374999992
2016-10-07,612.1220694444429
2016-10-08,614.445513888885
2016-10-09,612.851298611111
2016-10-10,614.5339027777778
2016-10-11,630.2183263888886
2016-10-12,635.954208333335
2016-10-13,634.8793402777742
2016-10-14,635.5659166666665
2016-10-15,638.4374236111124
2016-10-16,637.9818333333319
2016-10-17,636.1630277777763
2016-10-18,635.7496388888902
2016-10-19,631.6648749999986
2016-10-20,627.6284375000014
2016-10-21,629.4332013888901
2016-10-22,639.6562638888876
2016-10-23,651.2465694444414
2016-10-24,647.9413263888866
2016-10-25,652.0462291666637
2016-10-26,663.2396458333345
2016-10-27,679.9247430555517
2016-10-28,684.6597847222216
2016-10-29,703.4523055555554
2016-10-30,702.05598611111
2016-10-31,697.8030069444446
2016-11-01,719.9059722222246
2016-11-02,724.583312499996
2016-11-03,724.4505416666655
2016-11-04,697.6072291666665
2016-11-05,701.8694722222219
2016-11-06,707.2282847222186
2016-11-07,704.1840694444451
2016-11-08,705.7829097222215
2016-11-09,725.0145416666653
2016-11-10,715.2211180555548
2016-11-11,715.2989166666621
2016-11-12,709.2491944444488
2016-11-13,694.1802083333351
2016-11-14,701.0505416666643
2016-11-15,711.2654652777751
2016-11-16,722.993305555554
2016-11-17,743.4196874999988
2016-11-18,742.5629999999987
2016-11-19,748.3753402777834
2016-11-20,741.525520833339
2016-11-21,732.7705972222213
2016-11-22,741.4508124999966
2016-11-23,741.2394930555545
2016-11-24,736.1054930555554
2016-11-25,732.9760416666685
2016-11-26,731.3020000000007
2016-11-27,728.0215624999994
2016-11-28,729.3074722222182
2016-11-29,730.1403958333283
2016-11-30,737.6146666666701
2016-12-01,747.9970833333336
2016-12-02,767.3732083333304
2016-12-03,762.4758194444473
2016-12-04,759.6039791666652
2016-12-05,751.6662777777793
2016-12-06,754.7704861111092
2016-12-07,761.2555416666704
2016-12-08,767.4667777777719
2016-12-09,769.5634305555551
2016-12-10,772.1977777777763
2016-12-11,768.0919305555509
2016-12-12,774.3578263888853
2016-12-13,778.4607638888857
2016-12-14,777.1793680555566
2016-12-15,777.1727708333347
2016-12-16,778.6299444444489
2016-12-17,787.1086736111071
2016-12-18,788.1457361111085
2016-12-19,790.9205763888868
2016-12-20,791.7003680555518
2016-12-21,813.5282291666662
2016-12-22,856.5899513888867
2016-12-23,897.9549722222218
2016-12-24,900.9076388888905
2016-12-25,876.2374513888885
2016-12-26,899.2354513888893
2016-12-27,916.6791874999988
2016-12-28,957.004444444443
2016-12-29,968.6237361111099
2016-12-30,953.1948888888882
2016-12-31,956.0518263888883
2017-01-01,977.2684375
2017-01-02,1012.2739027777732
2017-01-03,1020.0404722222169
2017-01-04,1076.5536388888893
2017-01-05,1043.5479513888868
2017-01-06,934.416729166666
2017-01-07,869.7383333333331
2017-01-08,913.9660833333352
2017-01-09,893.4715347222203
2017-01-10,902.6383750000003
2017-01-11,846.1733125000004
2017-01-12,782.9616875000007
2017-01-13,807.1775069444466
2017-01-14,827.4124305555556
2017-01-15,817.0810069444422
2017-01-16,827.9779583333292
2017-01-17,876.1814722222224
2017-01-18,885.3456527777782
2017-01-19,893.2943888888883
2017-01-20,895.5526874999991
2017-01-21,917.6793819444409
2017-01-22,922.6891111111116
2017-01-23,920.1885069444457
2017-01-24,907.1863263888894
2017-01-25,894.5093472222253
2017-01-26,905.7991805555549
2017-01-27,917.1794791666654
2017-01-28,918.3100625000014
2017-01-29,916.7811458333355
2017-01-30,916.9736319444457
2017-01-31,940.4473541666665
2017-02-01,970.8697291666624
2017-02-02,992.7625555555559
2017-02-03,1011.9875833333289
2017-02-04,1017.7962777777803
2017-02-05,1020.0762986111145
2017-02-06,1020.8891944444408
2017-02-07,1042.4069791666677
2017-02-08,1053.7320972222237
2017-02-09,1024.6489097222216
2017-02-10,977.9281805555552
2017-02-11,1007.6248194444445
2017-02-12,1003.3971319444486
2017-02-13,998.8790763888911
2017-02-14,1006.0817708333285
2017-02-15,1009.3152847222235
2017-02-16,1026.7092152777773
2017-02-17,1046.7887777777798
2017-02-18,1061.4742430555548
2017-02-19,1053.4193541666643
2017-02-20,1057.350965277779
2017-02-21,1100.1316944444488
2017-02-22,1122.6721666666626
2017-02-23,1147.2050972222235
2017-02-24,1185.3886944444419
2017-02-25,1167.6945347222213
2017-02-26,1164.638201388888
2017-02-27,1186.0282569444448
2017-02-28,1192.5450555555572
2017-03-01,1206.2586319444479
2017-03-02,1239.860645833333
2017-03-03,1272.2717708333325
2017-03-04,1269.106638888892
2017-03-05,1258.5096805555554
2017-03-06,1274.4354722222215
2017-03-07,1254.5670069444438
2017-03-08,1197.9215138888876
2017-03-09,1176.9210972222218
2017-03-10,1202.488486111112
2017-03-11,1167.6661458333342
2017-03-12,1196.7068611111129
2017-03-13,1234.216562500002
2017-03-14,1243.7354861111126
2017-03-15,1251.4782708333337
2017-03-16,1220.4173055555564
2017-03-17,1130.9736180555558
2017-03-18,1034.9615277777764
2017-03-19,1009.4128055555545
2017-03-20,1034.0617569444428
2017-03-21,1083.6890069444426
2017-03-22,1053.9479513888882
2017-03-23,1035.6611805555565
2017-03-24,990.5281388888889
2017-03-25,927.0301111111124
2017-03-26,964.2569930555562
2017-03-27,998.4059444444447
2017-03-28,1043.1623402777777
2017-03-29,1033.028868055552
2017-03-30,1033.5806527777788
2017-03-31,1051.6004791666685
2017-04-01,1077.5205902777802
2017-04-02,1079.9219999999998
2017-04-03,1126.5911805555534
2017-04-04,1142.401173611112
2017-04-05,1130.145180555555
2017-04-06,1167.347513888893
2017-04-07,1189.478979166667
2017-04-08,1187.9070416666655
2017-04-09,1193.8535972222255
2017-04-10,1208.0240000000024
2017-04-11,1213.4130208333347
2017-04-12,1217.0818194444441
2017-04-13,1188.3444861111104
2017-04-14,1173.4062500000023
2017-04-15,1178.2099722222233
2017-04-16,1170.2382916666666
2017-04-17,1172.2930833333326
2017-04-18,1200.1771805555554
2017-04-19,1201.194409722219
2017-04-20,1220.5386875000008
2017-04-21,1241.3707847222254
2017-04-22,1237.6132777777766
2017-04-23,1235.6658611111122
2017-04-24,1243.867048611111
2017-04-25,1264.907555555554
2017-04-26,1288.0114999999983
2017-04-27,1313.1277500000003
2017-04-28,1324.2748680555544
2017-04-29,1330.0341319444462
2017-04-30,1331.2155138888877
2017-05-01,1376.7136041666627
2017-05-02,1433.2257847222206
2017-05-03,1471.202361111113
2017-05-04,1539.8650416666671
2017-05-05,1557.0353333333348
2017-05-06,1540.5736180555587
2017-05-07,1542.8250902777752
2017-05-08,1587.9661180555534
2017-05-09,1704.4954583333304
2017-05-10,1746.4008819444427
2017-05-11,1825.7564791666616
2017-05-12,1770.4012638888862
2017-05-13,1706.611791666672
2017-05-14,1782.1233402777734
2017-05-15,1733.3405347222235
2017-05-16,1709.0845833333342
2017-05-17,1774.003986111113
2017-05-18,1824.8929305555612
2017-05-19,1925.9513124999994
2017-05-20,1973.9955347222256
2017-05-21,2022.6491597222252
2017-05-22,2109.2281250000046
2017-05-23,2191.830951388894
2017-05-24,2367.1240694444487
2017-05-25,2555.5497569444497
2017-05-26,2384.458000000002
2017-05-27,2096.443972222223
2017-05-28,2188.7591041666683
2017-05-29,2237.8428333333336
2017-05-30,2274.068666666668
2017-05-31,2253.6440972222254
2017-06-01,2389.7124652777793
2017-06-02,2429.3014722222233
2017-06-03,2518.750888888892
2017-06-04,2524.7469930555603
2017-06-05,2600.7444444444486
2017-06-06,2835.1260555555527
2017-06-07,2815.6953194444473
2017-06-08,2753.5724375000073
2017-06-09,2823.8471180555543
2017-06-10,2853.871777777778
2017-06-11,2906.474215277779
2017-06-12,2803.581750000004
2017-06-13,2715.928694444451
2017-06-14,2653.0482708333398
2017-06-15,2356.7296388888876
2017-06-16,2450.1450486111107
2017-06-17,2555.917826388888
2017-06-18,2566.5587638888933
2017-06-19,2558.1391805555563
2017-06-20,2661.5631666666654
2017-06-21,2712.268812500005
2017-06-22,2680.862333333332
2017-06-23,2718.264888888894
2017-06-24,2657.009215277778
2017-06-25,2559.341569444444
2017-06-26,2464.9203888888896
2017-06-27,2407.794423611114
2017-06-28,2533.6016041666626
2017-06-29,2558.770583333335
2017-06-30,2524.0453819444497
2017-07-01,2462.3251597222225
2017-07-02,2444.7650347222207
2017-07-03,2524.042131944447
2017-07-04,2596.6061319444475
2017-07-05,2569.9141666666737
2017-07-06,2593.83718055556
2017-07-07,2543.1207638888936
2017-07-08,2516.3489097222214
2017-07-09,2539.2847569444484
2017-07-10,2455.0341527777796
2017-07-11,2339.67059722222
2017-07-12,2343.987402777782
2017-07-13,2371.100986111114
2017-07-14,2279.3203333333418
2017-07-15,2073.9353055555507
2017-07-16,1939.7691666666651
2017-07-17,2056.5191180555607
2017-07-18,2280.832284722225
2017-07-19,2311.804187499999
2017-07-20,2492.0011805555505
2017-07-21,2718.66329861111
2017-07-22,2779.7550000000033
2017-07-23,2767.121493055555
2017-07-24,2753.6120972222275
2017-07-25,2624.099263888895
2017-07-26,2499.1164097222277
2017-07-27,2569.3229652777813
2017-07-28,2737.2861944444467
2017-07-29,2718.175916666668
2017-07-30,2675.802902777784
2017-07-31,2760.5994583333304
2017-08-01,2769.700041666668
2017-08-02,2713.936569444449
2017-08-03,2743.284652777787
2017-08-04,2827.005715277781
2017-08-05,3153.660069444449
2017-08-06,3236.0079166666746
2017-08-07,3308.0867569444586
2017-08-08,3416.0661041666613
2017-08-09,3341.188736111121
2017-08-10,3391.8064374999985
2017-08-11,3503.103180555562
2017-08-12,3757.487743055561
2017-08-13,4023.2860000000037
2017-08-14,4167.993833333334
2017-08-15,4167.686743055565
2017-08-16,4166.003368055552
2017-08-17,4345.919243055558
2017-08-18,4228.188402777789
2017-08-19,4055.157333333346
2017-08-20,4060.0714097222326
2017-08-21,4022.7011666666704
2017-08-22,3922.028104166666
2017-08-23,4141.476888888893
2017-08-24,4180.539020833341
2017-08-25,4356.688888888902
2017-08-26,4311.373458333351
2017-08-27,4340.41629861112
2017-08-28,4304.705208333351
2017-08-29,4464.279500000008
2017-08-30,4575.960375000009
2017-08-31,4669.390076388895
2017-09-01,4801.706236111117
2017-09-02,4684.137694444455
2017-09-03,4576.001104166673
2017-09-04,4361.9361666666555
2017-09-05,4252.457069444449
2017-09-06,4528.704993055561
2017-09-07,4584.30025694446
2017-09-08,4482.604402777778
2017-09-09,4292.220722222222
2017-09-10,4180.850256944438
2017-09-11,4210.225687500004
2017-09-12,4253.140652777776
2017-09-13,3934.011493055559
2017-09-14,3624.5376458333308
2017-09-15,3409.156631944439
2017-09-16,3696.292625000008
2017-09-17,3634.360208333341
2017-09-18,3941.1198541666736
2017-09-19,3962.9578749999987
2017-09-20,3937.1915555555534
2017-09-21,3791.3262638888873
2017-09-22,3626.56877777778
2017-09-23,3713.8222499999893
2017-09-24,3695.2018541666625
2017-09-25,3819.9963263888803
2017-09-26,3914.8063263888916
2017-09-27,4035.8797291666588
2017-09-28,4188.612034722216
2017-09-29,4144.9773819444545
2017-09-30,4270.209180555565
2017-10-01,4290.9005902777835
2017-10-02,4395.493111111113
2017-10-03,4311.992895833344
2017-10-04,4249.643597222228
2017-10-05,4255.330979166674
2017-10-06,4359.174444444453
2017-10-07,4351.288687500015
2017-10-08,4495.808520833344
2017-10-09,4643.429222222222
2017-10-10,4811.700548611115
2017-10-11,4787.352048611121
2017-10-12,5114.763875000004
2017-10-13,5618.339881944439
2017-10-14,5666.474111111125
2017-10-15,5610.077659722221
2017-10-16,5673.469020833336
2017-10-17,5625.583124999998
2017-10-18,5402.310152777783
2017-10-19,5654.104562500007
2017-10-20,5788.776069444453
2017-10-21,6073.861624999996
2017-10-22,5910.377895833341
2017-10-23,5869.137208333331
2017-10-24,5659.772756944453
2017-10-25,5547.822833333337
2017-10-26,5826.5624305555675
2017-10-27,5822.675326388888
2017-10-28,5749.922930555566
2017-10-29,5883.7243263888895
2017-10-30,6122.401979166681
2017-10-31,6240.408875000002
2017-11-01,6502.706909722225
2017-11-02,6952.339833333342
2017-11-03,7240.374881944453
2017-11-04,7258.124208333341
2017-11-05,7458.392979166676
2017-11-06,7228.157159722217
2017-11-07,7102.901493055557
2017-11-08,7386.520145833342
2017-11-09,7244.327472222225
2017-11-10,6961.358118055562
2017-11-11,6556.024395833337
2017-11-12,6114.231854166673
2017-11-13,6346.988562500001
2017-11-14,6590.393958333334
2017-11-15,7046.016361111107
2017-11-16,7459.5306875
2017-11-17,7827.064805555566
2017-11-18,7697.005916666671
2017-11-19,7825.9264166666635
2017-11-20,8090.021590277788
2017-11-21,8157.685722222237
2017-11-22,8194.893506944461
2017-11-23,8175.670479166667
2017-11-24,8168.087229166671
2017-11-25,8428.860465277778
2017-11-26,8972.45295138889
2017-11-27,9556.814923611137
2017-11-28,9833.026659722245
2017-11-29,10403.94379166668
2017-11-30,9888.908548611136
2017-12-01,10194.8572638889
2017-12-02,10938.31135416666
2017-12-03,11291.630187499997
2017-12-04,11346.529326388907
2017-12-05,11656.498604166689
2017-12-06,12580.533465277795
2017-12-07,14778.207416666659
2017-12-08,15432.868875000007
2017-12-09,14806.800236111114
2017-12-10,14134.664791666688
2017-12-11,16202.50012500004
2017-12-12,16730.929659722206
2017-12-13,16540.327312500034
2017-12-14,16343.036833333323
2017-12-15,17365.62792361109
2017-12-16,18176.730138888863
2017-12-17,19190.340631944408
2017-12-18,18720.01349999997
2017-12-19,18320.41626388884
2017-12-20,16834.521375000026
2017-12-21,16221.424986111117
2017-12-22,13761.145826388869
2017-12-23,14768.55603472223
2017-12-24,13656.086034722228
2017-12-25,13966.06769444444
2017-12-26,15243.615263888882
2017-12-27,15581.444701388853
2017-12-28,14248.632048611133
2017-12-29,14534.974930555547
2017-12-30,13212.859868055571
2017-12-31,13339.22119444444
2018-01-01,13425.415124999998
2018-01-02,13879.358895833342
2018-01-03,14963.699340277786
2018-01-04,14818.780319444424
2018-01-05,15792.452506944403
2018-01-06,16666.922951388857
2018-01-07,16517.014097222225
2018-01-08,15300.74915277776
2018-01-09,14868.201201388889
2018-01-10,14194.688409722214
2018-01-11,13697.100145833341
2018-01-12,13661.494569444449
2018-01-13,14224.945451388912
2018-01-14,13679.928909722257
2018-01-15,13821.277097222206
2018-01-16,12164.619152777768
2018-01-17,10680.231659722216
2018-01-18,11495.746736111108
2018-01-19,11513.536416666664
2018-01-20,12471.649145833333
2018-01-21,11895.589819444449
2018-01-22,11131.135819444438
2018-01-23,10724.710277777793
2018-01-24,11007.914437500012
2018-01-25,11300.592097222247
2018-01-26,11011.94201388889
2018-01-27,11238.782944444469
2018-01-28,11673.103618055535
2018-01-29,11283.896194444453
2018-01-30,10628.612597222236
2018-01-31,9987.00209722223
2018-02-01,9497.750625000028
2018-02-02,8558.503076388899
2018-02-03,8912.281611111122
2018-02-04,8722.604465277787
2018-02-05,7611.722958333325
2018-02-06,6828.462006944439
2018-02-07,7914.380222222217
2018-02-08,8216.322486111098
2018-02-09,8261.487381944451
2018-02-10,8656.487229166652
2018-02-11,8188.491090277783
2018-02-12,8624.076937500005
2018-02-13,8609.80722222223
2018-02-14,9025.642687500025
2018-02-15,9803.039104166684
2018-02-16,10025.99250694445
2018-02-17,10677.811173611124
2018-02-18,10737.341631944453
2018-02-19,10867.436395833349
2018-02-20,11498.189631944457
2018-02-21,10791.702006944444
2018-02-22,10272.655520833341
2018-02-23,10013.161215277789
2018-02-24,9931.702569444478
2018-02-25,9595.83642361113
2018-02-26,9910.592527777806
2018-02-27,10552.671340277788
2018-02-28,10621.063326388921
2018-03-01,10650.838465277793
2018-03-02,10980.791097222265
2018-03-03,11344.269083333334
2018-03-04,11242.097152777793
2018-03-05,11520.930465277766
2018-03-06,11021.738861111102
2018-03-07,10399.997006944468
2018-03-08,9705.391458333352
2018-03-09,8907.997486111099
2018-03-10,9236.650131944436
2018-03-11,9058.136361111123
2018-03-12,9436.36200694445
2018-03-13,9155.890388888914
2018-03-14,8769.349694444441
2018-03-15,8112.515770833351
2018-03-16,8315.006604166676
2018-03-17,8079.593062500001
2018-03-18,7679.651055555559
2018-03-19,8355.255979166664
2018-03-20,8622.49709722222
2018-03-21,8983.081652777786
2018-03-22,8793.326687500008
2018-03-23,8529.94406944445
2018-03-24,8857.918083333345
2018-03-25,8535.650166666666
2018-03-26,8208.19347916669
2018-03-27,7965.760694444459
2018-03-28,7916.943312500011
2018-03-29,7518.686965277791
2018-03-30,6888.176854166671
2018-03-31,7005.669125000011
2018-04-01,6797.412069444436
2018-04-02,6978.018000000003
2018-04-03,7325.304333333331
2018-04-04,7077.711673611102
2018-04-05,6758.105076388888
2018-04-06,6649.452291666674
2018-04-07,6891.6737638889
2018-04-08,6988.428743055562
2018-04-09,6891.471624999996
2018-04-10,6779.244319444467
2018-04-11,6879.948687500013
2018-04-12,7336.708215277788
2018-04-13,7992.690451388897
2018-04-14,8010.872291666685
2018-04-15,8215.487236111117
2018-04-16,8080.020305555557
2018-04-17,8036.633618055566
2018-04-18,8057.3129930555615
2018-04-19,8213.267708333358
2018-04-20,8445.635604166675
2018-04-21,8800.278312499991
2018-04-22,8888.387819444462
2018-04-23,8895.62331249999
2018-04-24,9314.519125000023
2018-04-25,9221.040361111107
2018-04-26,8883.210298611131
2018-04-27,9217.02084722222
2018-04-28,9240.572972222244
2018-04-29,9356.157784722249
2018-04-30,9290.616041666668
2018-05-01,8988.595694444466
2018-05-02,9112.689791666677
2018-05-03,9379.656666666657
2018-05-04,9656.508229166666
2018-05-05,9829.181138888915
2018-05-06,9615.699180555568
2018-05-07,9344.100527777799
2018-05-08,9260.790923611114
2018-05-09,9193.325472222248
2018-05-10,9265.502951388902
2018-05-11,8701.556430555573
2018-05-12,8423.31487500004
2018-05-13,8550.491187500027
2018-05-14,8581.468430555582
2018-05-15,8642.09697222224
2018-05-16,8282.705625000013
2018-05-17,8277.959930555586
2018-05-18,8106.672548611127
2018-05-19,8254.920923611124
2018-05-20,8361.972944444464
2018-05-21,8455.092916666694
2018-05-22,8233.2557916667
2018-05-23,7784.575402777791
2018-05-24,7538.571881944487
2018-05-25,7486.668048611141
2018-05-26,7490.143826388919
2018-05-27,7317.306069444448
2018-05-28,7255.434381944465
2018-05-29,7293.893402777787
2018-05-30,7432.491090277765
2018-05-31,7500.117368055571
2018-06-01,7481.193180555582
2018-06-02,7597.247354166683
2018-06-03,7690.673791666691
2018-06-04,7575.316763888909
2018-06-05,7491.722708333352
2018-06-06,7606.389534722249
2018-06-07,7692.524618055574
2018-06-08,7629.560597222222
2018-06-09,7630.158000000005
2018-06-10,7133.649305555566
2018-06-11,6760.716284722224
2018-06-12,6754.097347222223
2018-06-13,6443.017722222231
2018-06-14,6501.825152777797
2018-06-15,6550.993312499992
2018-06-16,6462.630548611125
2018-06-17,6509.097465277774
2018-06-18,6522.887597222218
2018-06-19,6718.137923611121
2018-06-20,6680.922951388888
2018-06-21,6736.712444444453
2018-06-22,6359.654034722214
2018-06-23,6135.97526388889
2018-06-24,6024.7279027777895
2018-06-25,6203.3115555555705
2018-06-26,6201.928152777776
2018-06-27,6096.063604166686
2018-06-28,6082.033944444458
2018-06-29,5903.817749999997
2018-06-30,6363.47595833333
2018-07-01,6350.025388888889
2018-07-02,6453.064812500014
2018-07-03,6596.762625000031
2018-07-04,6571.150868055561
2018-07-05,6581.060631944442
2018-07-06,6541.890631944446
2018-07-07,6573.3242361111
2018-07-08,6739.136618055562
2018-07-09,6705.734666666673
2018-07-10,6480.4565208333415
2018-07-11,6354.405493055556
2018-07-12,6219.166937500008
2018-07-13,6236.785770833367
2018-07-14,6236.172256944462
2018-07-15,6318.537784722239
2018-07-16,6521.181465277782
2018-07-17,6877.720881944445
2018-07-18,7402.712555555563
2018-07-19,7390.11466666668
2018-07-20,7420.562833333363
2018-07-21,7347.857055555567
2018-07-22,7448.0036597222515
2018-07-23,7679.556715277796
2018-07-24,8071.491902777785
2018-07-25,8253.59904166666
2018-07-26,8196.509159722247
2018-07-27,8021.516604166678
2018-07-28,8179.995840277793
2018-07-29,8202.688618055583
2018-07-30,8133.9497777778
2018-07-31,7915.115548611122
2018-08-01,7569.98511111112
2018-08-02,7590.178583333349
2018-08-03,7394.100701388909
2018-08-04,7248.6566458333655
2018-08-05,6995.644215277812
2018-08-06,6987.8438472222315
2018-08-07,6986.739444444467
2018-08-08,6444.725208333348
2018-08-09,6394.324194444451
2018-08-10,6394.919993055561
2018-08-11,6188.136972222216
2018-08-12,6304.35070833334
2018-08-13,6345.708180555566
2018-08-14,6056.106715277783
2018-08-15,6369.123708333329
2018-08-16,6344.468576388896
2018-08-17,6466.790055555574
2018-08-18,6446.211965277772
2018-08-19,6397.762687500009
2018-08-20,6444.960090277811
2018-08-21,6399.587041666682
2018-08-22,6579.496944444452
2018-08-23,6433.5398680555545
2018-08-24,6551.867993055588
2018-08-25,6713.861659722258
2018-08-26,6669.950659722236
2018-08-27,6712.779381944449
2018-08-28,6986.976090277787
2018-08-29,7049.229027777782
2018-08-30,6929.053499999996
2018-08-31,6979.79039583335
2018-09-01,7105.35293750002
2018-09-02,7239.421576388906
2018-09-03,7259.906249999994
2018-09-04,7322.047874999996
2018-09-05,7125.833812499998
2018-09-06,6421.734145833346
2018-09-07,6443.361534722262
2018-09-08,6360.320930555571
2018-09-09,6289.750152777783
2018-09-10,6287.392875000001
2018-09-11,6290.2325902777875
2018-09-12,6268.183465277798
2018-09-13,6440.572034722228
2018-09-14,6500.248395833359
2018-09-15,6519.018743055587
2018-09-16,6484.170666666674
2018-09-17,6398.048562500014
2018-09-18,6295.923305555575
2018-09-19,6336.486597222232
2018-09-20,6411.717736111115
2018-09-21,6658.61240972222
2018-09-22,6705.587187499994
2018-09-23,6706.800166666679
2018-09-24,6638.184479166654
2018-09-25,6413.125020833338
2018-09-26,6461.356423611127
2018-09-27,6520.746958333349
2018-09-28,6665.077402777776
2018-09-29,6539.937986111108
2018-09-30,6577.550055555549
2018-10-01,6574.940298611117
2018-10-02,6541.682701388867
2018-10-03,6447.232340277765
2018-10-04,6547.230777777762
2018-10-05,6544.547159722216
2018-10-06,6556.2918263888805
2018-10-07,6533.511180555536
2018-10-08,6586.734770833344
2018-10-09,6587.5929722221945
2018-10-10,6517.042173611102
2018-10-11,6213.507291666667
2018-10-12,6201.429923611101
2018-10-13,6196.307437500009
2018-10-14,6225.605215277768
2018-10-15,6368.968388888887
2018-10-16,6437.686604166653
2018-10-17,6438.604631944451
2018-10-18,6427.5492222222265
2018-10-19,6385.541597222227
2018-10-20,6396.777493055575
2018-10-21,6433.669687499999
2018-10-22,6405.4003749999765
2018-10-23,6395.747611111114
2018-10-24,6425.273986111101
2018-10-25,6400.467819444443
2018-10-26,6400.76842361109
2018-10-27,6407.05902083333
2018-10-28,6402.554041666676
2018-10-29,6329.9985763889
2018-10-30,6264.565631944463
2018-10-31,6277.430083333336
2018-11-01,6310.56606249998
2018-11-02,6351.960548611104
2018-11-03,6333.967756944455
2018-11-04,6364.34178472219
2018-11-05,6404.680194444427
2018-11-06,6412.868326388882
2018-11-07,6506.8773680555605
2018-11-08,6449.525041666662
2018-11-09,6365.883486111105
2018-11-10,6354.911069444451
2018-11-11,6339.537944444456
2018-11-12,6350.976541666664
2018-11-13,6290.059034722227
2018-11-14,6019.894937499998
2018-11-15,5494.714520833338
2018-11-16,5530.675125000012
2018-11-17,5485.194152777787
2018-11-18,5534.090277777771
2018-11-19,5203.1593819444415
2018-11-20,4531.132569444447
2018-11-21,4447.252770833336
2018-11-22,4468.593826388887
2018-11-23,4248.508673611109
2018-11-24,4203.4345069444435
2018-11-25,3756.95189583334
2018-11-26,3850.8809305555556
2018-11-27,3702.9673125000036
2018-11-28,4057.7619513888876
2018-11-29,4224.60156944445
2018-11-30,4075.2327916666695
2018-12-01,4078.2717500000003
2018-12-02,4120.349090277774
2018-12-03,3924.919868055556
2018-12-04,3904.986423611119
2018-12-05,3802.7635277777786
2018-12-06,3694.9691111111147
2018-12-07,3360.1898402777783
2018-12-08,3384.9175000000073
2018-12-09,3468.0102222222245
2018-12-10,3468.8128611111065
2018-12-11,3365.570430555562
2018-12-12,3397.2696736111166
2018-12-13,3360.91896527778
2018-12-14,3233.8725902777715
2018-12-15,3180.2247847222225
2018-12-16,3217.120479166661
2018-12-17,3333.074319444453
2018-12-18,3508.6461597222205
2018-12-19,3748.380458333341
2018-12-20,3923.0398263888833
2018-12-21,3972.550958333326
2018-12-22,3851.8717222222185
2018-12-23,3978.132437499989
2018-12-24,4125.493027777772
2018-12-25,3773.2280555555553
2018-12-26,3779.5463055555515
2018-12-27,3717.7947291666655
2018-12-28,3700.835333333332
2018-12-29,3873.5531736111043
2018-12-30,3788.032055555552
2018-12-31,3757.3624166666555
2019-01-01,3700.3265972222234
2019-01-02,3823.112729166656
2019-01-03,3830.1849722222178
2019-01-04,3785.05104861111
2019-01-05,3834.452138888893
2019-01-06,3874.5452152777775
2019-01-07,4022.664298611106
2019-01-08,4006.257034722222
2019-01-09,4010.7763958333285
2019-01-10,3795.507187500005
2019-01-11,3636.7025416666634
2019-01-12,3626.5706319444425
2019-01-13,3580.619624999998
2019-01-14,3580.005486111115
2019-01-15,3641.574458333333
2019-01-16,3603.472229166661
2019-01-17,3602.951118055559
2019-01-18,3615.6680555555517
2019-01-19,3671.6374999999907
2019-01-20,3607.2373958333274
2019-01-21,3535.8616458333254
2019-01-22,3551.567465277765
2019-01-23,3569.4726805555633
2019-01-24,3553.9397777777735
2019-01-25,3557.15230555555
2019-01-26,3571.367611111122
2019-01-27,3545.671416666666
2019-01-28,3438.032173611103
2019-01-29,3398.639076388891
2019-01-30,3423.095763888887
2019-01-31,3424.856152777782
2019-02-01,3416.3658680555586
2019-02-02,3431.8366666666716
2019-02-03,3425.4384861111216
2019-02-04,3414.204527777778
2019-02-05,3419.36813888888
2019-02-06,3371.575750000001
2019-02-07,3366.4235208333366
2019-02-08,3451.4933402777733
2019-02-09,3614.884708333324
2019-02-10,3608.1552916666656
2019-02-11,3595.2006875
2019-02-12,3577.8480416666685
2019-02-13,3582.285694444439
2019-02-14,3569.1406111111155
2019-02-15,3570.4032013888955
2019-02-16,3587.6629097222267
2019-02-17,3585.4940555555586
2019-02-18,3756.019819444445
2019-02-19,3900.652402777775
2019-02-20,3910.843916666662
2019-02-21,3906.7272222222296
2019-02-22,3925.343680555563
2019-02-23,3980.2158541666718
2019-02-24,3989.5767638888838
2019-02-25,3792.778916666669
2019-02-26,3799.9307777777794
2019-02-27,3795.3566597222207
2019-02-28,3810.278263888891
2019-03-01,3813.27386805555
2019-03-02,3805.279194444444
2019-03-03,3801.456263888886
2019-03-04,3725.0505902777822
2019-03-05,3765.770388888884
2019-03-06,3838.784395833329
2019-03-07,3861.3823194444494
2019-03-08,3871.895409722215
2019-03-09,3889.980624999997
2019-03-10,3893.019138888882
2019-03-11,3864.6125624999936
2019-03-12,3847.294444444448
2019-03-13,3853.5086458333462
2019-03-14,3850.2652013888824
2019-03-15,3877.4722777777793
2019-03-16,3978.552020833331
2019-03-17,3963.1048819444545
2019-03-18,3969.4853958333247
2019-03-19,3977.0401319444522
2019-03-20,3995.406333333329
2019-03-21,4005.9583888888824
2019-03-22,3981.5695555555526
2019-03-23,3980.761215277784
2019-03-24,3968.612951388893
2019-03-25,3949.801881944454
2019-03-26,3908.431326388902
2019-03-27,3993.995347222206
2019-03-28,4009.194069444443
2019-03-29,4057.541465277782
2019-03-30,4083.772388888892
2019-03-31,4088.348868055553
2019-04-01,4125.548659722221
2019-04-02,4647.141729166669
2019-04-03,5038.50502083333
2019-04-04,4971.659173611101
2019-04-05,4981.012118055559
2019-04-06,5042.754319444438
2019-04-07,5128.465159722207
2019-04-08,5241.546451388895
2019-04-09,5221.413534722217
2019-04-10,5270.475166666668
2019-04-11,5129.761715277781
2019-04-12,5047.637659722214
2019-04-13,5084.51536805556
2019-04-14,5078.802409722226
2019-04-15,5122.114104166673
2019-04-16,5098.620062500001
2019-04-17,5218.718937499994
2019-04-18,5263.983847222229
2019-04-19,5259.1587361111115
2019-04-20,5313.275881944437
2019-04-21,5288.680506944438
2019-04-22,5317.52523611111
2019-04-23,5531.954173611113
2019-04-24,5486.831687500015
2019-04-25,5423.299951388892
2019-04-26,5149.682201388893
2019-04-27,5165.260756944446
2019-04-28,5169.915263888891
2019-04-29,5154.869499999995
2019-04-30,5199.331576388891
2019-05-01,5303.564006944443
2019-05-02,5360.945784722242
2019-05-03,5617.309986111107
2019-05-04,5694.244680555553
2019-05-05,5721.58211805556
2019-05-06,5656.3270069444425
2019-05-07,5863.695777777779
2019-05-08,5843.870868055555
2019-05-09,6047.245256944443
2019-05-10,6290.585555555554
2019-05-11,6806.6770625000045
2019-05-12,7155.474208333327
2019-05-13,7408.98296527779
2019-05-14,7993.158020833342
2019-05-15,8054.80577777778
2019-05-16,7993.707881944452
2019-05-17,7263.197819444444
2019-05-18,7326.348763888892
2019-05-19,7934.045673611123
2019-05-20,7906.761131944451
2019-05-21,7952.989784722219
2019-05-22,7890.863298611112
2019-05-23,7703.517611111119
2019-05-24,7983.823395833333
2019-05-25,8045.214743055539
2019-05-26,8125.428284722212
2019-05-27,8782.527847222222
2019-05-28,8726.034833333331
2019-05-29,8646.49276388888
2019-05-30,8631.68847916668
2019-05-31,8350.288833333312
2019-06-01,8542.015763888876
2019-06-02,8668.05993750001
2019-06-03,8531.08584722222
2019-06-04,7851.133666666666
2019-06-05,7771.943777777767
2019-06-06,7751.1627916666675
2019-06-07,7938.752041666664
2019-06-08,7941.170618055555
2019-06-09,7799.946125000009
2019-06-10,7820.271444444434
2019-06-11,7897.226569444459
2019-06-12,8036.859090277781
2019-06-13,8169.982472222209
2019-06-14,8353.574541666672
2019-06-15,8727.897222222222
2019-06-16,9096.019243055567
2019-06-17,9236.642777777772
2019-06-18,9153.257826388888
2019-06-19,9148.226562500011
2019-06-20,9353.45185416665
2019-06-21,9802.451152777776
2019-06-22,10725.602312500023
2019-06-23,10747.117999999991
2019-06-24,10844.867333333319
2019-06-25,11314.388562500011
2019-06-26,12643.553618055552
2019-06-27,11803.958812500003
2019-06-28,11678.356861111108
2019-06-29,11850.858194444452
2019-06-30,11540.011777777765
2019-07-01,10687.819687499998
2019-07-02,10305.094118055564
2019-07-03,11345.892000000002
2019-07-04,11760.026750000003
2019-07-05,11141.252972222204
2019-07-06,11416.435701388893
2019-07-07,11311.678444444451
2019-07-08,11794.189805555567
2019-07-09,12514.21774305554
2019-07-10,12649.908881944439
2019-07-11,11584.54125000001
2019-07-12,11585.792416666667
2019-07-13,11430.236854166653
2019-07-14,10860.6743263889
2019-07-15,10419.180666666702
2019-07-16,10356.278006944454
2019-07-17,9577.303708333347
2019-07-18,10053.263270833328
2019-07-19,10473.079361111104
2019-07-20,10680.938881944432
2019-07-21,10578.370826388895
2019-07-22,10451.459284722223
2019-07-23,10071.961000000008
2019-07-24,9703.44240277778
2019-07-25,10023.55200000002
2019-07-26,9775.523166666679
2019-07-27,9731.698895833339
2019-07-28,9486.49152083333
2019-07-29,9541.105833333348
2019-07-30,9541.569750000022
2019-07-31,9857.407680555563
2019-08-01,10085.621541666671
2019-08-02,10475.718763888879
2019-08-03,10785.766958333332
2019-08-04,10820.892229166655
2019-08-05,11676.32672916666
2019-08-06,11758.30978472223
2019-08-07,11712.383777777764
2019-08-08,11802.534583333349
2019-08-09,11820.873673611108
2019-08-10,11582.249006944416
2019-08-11,11379.078881944437
2019-08-12,11520.0
